{"schemaVersion":"1.0","appDefinitionTemplate":{"id":"/providers/Microsoft.PowerApps/apps/","type":"Microsoft.PowerApps/apps","tags":{"primaryDeviceWidth":"1366","primaryDeviceHeight":"768","sienaVersion":"20191122T165353Z-3.19111.33.0","deviceCapabilities":"","supportsPortrait":"false","supportsLandscape":"true","primaryFormFactor":"Tablet","publisherVersion":"3.19111.33","minimumRequiredApiVersion":"2.2.0","hasComponent":"false","hasNonOOBComponent":"false"},"properties":{"appVersion":"2019-11-22T16:53:53Z","lifeCycleId":"Published","createdByClientVersion":{"major":3,"minor":19111,"build":33,"revision":0,"majorRevision":0,"minorRevision":0},"minClientVersion":{"major":3,"minor":19111,"build":33,"revision":0,"majorRevision":0,"minorRevision":0},"backgroundColor":"rgba(0, 99, 177, 1)","backgroundImageUri":"/17956980878208322679/N9dc6dec3-6088-420a-a183-1e6a02068483-logoSmallFile","displayName":"Call Recording","description":"","commitMessage":"","appUris":{"documentUri":{"value":"/17956980878208322679/N14c6db12-a759-4497-bd36-5039f61fa1d8-document.msapp","readonlyValue":"/17956980878208322679/N14c6db12-a759-4497-bd36-5039f61fa1d8-document.msapp"},"imageUris":[]},"createdTime":"0001-01-01T00:00:00Z","lastModifiedTime":"0001-01-01T00:00:00Z","sharedGroupsCount":0,"sharedUsersCount":0,"icons":{"smallIconUri":"/17956980878208322679/Nad56e888-4dd6-4835-bfc0-e2f0d61cc3a7-small.png","mediumIconUri":"/17956980878208322679/Nfdd38758-96c7-4837-a576-a0b2113ff1f1-medium.png","largeIconUri":"/17956980878208322679/N4c3f1b97-850d-4c81-8a1d-7ad05ef9ffb5-large.png","wideIconUri":"/17956980878208322679/N8ab6d7a3-a6d1-4592-88a7-0ff76bae1d77-wide.png"},"connectionReferences":{"a0a65a60-218e-40bb-9f7e-20fb0abdcfd5":{"id":"6425df41-e51e-4a75-9a9c-57080f165ae8","displayName":"SharePoint","iconUri":"https://connectoricons-prod.azureedge.net/sharepointonline/icon_1.0.1278.1753.png","dataSources":["Client Updates"],"dependencies":[],"dependents":[],"parameterHints":{},"isOnPremiseConnection":false,"bypassConsent":false,"dataSets":{"https://hopewellcare.sharepoint.com/sites/scheduling2":{"dataSources":{"Client Updates":{"tableName":"f831d0dd-8272-457c-b49a-70d593351cd4"}}}},"apiTier":"Standard","isCustomApiConnection":false},"6532cb46-46bd-4fdf-91f6-129bb870e8f1":{"id":"87f316c7-a724-4ae1-8de7-f82cc581de8f","displayName":"Planner","iconUri":"https://connectoricons-prod.azureedge.net/planner/icon_1.0.1285.1773.png","dataSources":["Planner"],"dependencies":[],"dependents":[],"parameterHints":{},"isOnPremiseConnection":false,"bypassConsent":false,"dataSets":{},"apiTier":"Standard","isCustomApiConnection":false}},"databaseReferences":{},"almMode":"Environment","performanceOptimizationEnabled":false,"canConsumeAppPass":true},"isAppComponentLibrary":false,"appType":"ClassicCanvasApp","appComponents":[]}}